ward,canopy_cover_pct,trees,mature_girth60,heritage_girth90,rare,dead,median_girth_cm,reliable,notes,available
1,4.02,88785,7694,2244,647,715,23.0,True,,True
2,13.19,96636,15626,7224,2223,4126,20.0,True,,True
3,1.99,133435,11615,3469,553,715,30.0,True,,True
4,4.56,167679,14079,3647,637,1085,21.0,True,,True
5,8.6,90442,12002,4936,927,1203,17.0,True,,True
6,6.98,11288,3525,1995,157,258,33.0,True,,True
7,25.42,209984,26722,12153,6173,2229,24.0,True,,True
8,12.2,91937,23553,10784,1997,1518,31.0,True,,True
9,7.32,261530,24995,7090,1331,692,31.0,True,,True
10,10.35,133387,12789,3341,773,702,34.0,True,,True
11,23.58,94127,5402,2346,1297,715,26.0,True,,True
12,23.42,44468,18823,12013,1266,1192,48.0,True,,True
13,17.07,36785,15009,9374,769,1020,45.0,True,,True
14,11.16,171204,20808,9850,4882,2494,14.0,True,,True
15,0.99,42083,2985,795,143,187,21.0,True,,True
16,12.28,48954,11076,3531,283,375,26.0,True,,True
17,15.31,69691,14308,4684,363,655,30.0,True,,True
18,22.49,137178,29624,12542,2468,2028,31.0,True,,True
19,18.77,60860,13041,3830,696,1064,37.0,True,,True
20,16.33,39766,15197,7978,334,441,46.0,True,,True
21,14.5,41295,17622,9326,808,485,55.0,True,,True
22,15.58,8234,3862,2306,76,136,56.0,True,,True
23,5.7,2715,1396,957,9,40,63.0,True,,True
24,12.78,8409,4006,2790,75,153,54.0,True,,True
25,9.98,9782,4887,3129,73,173,59.0,True,,True
26,9.7,4995,2644,1786,16,52,65.0,True,,True
27,14.74,19926,10547,6751,294,323,63.0,True,,True
28,28.25,64811,8561,4060,389,447,26.0,True,,True
29,13.74,31912,15095,9315,460,684,56.0,True,,True
30,7.07,13192,4447,2204,109,278,38.0,True,,True
31,12.9,23788,8791,5221,322,508,42.0,True,,True
32,11.28,98684,11332,1311,92,349,42.0,True,,True
33,0.11,3830,984,311,56,152,40.0,True,,True
34,4.98,50313,11590,4075,847,692,34.0,True,,True
35,103.32,765656,46070,9140,7951,4160,25.0,True,"Summed crown cover is 103.32% -- above the ward area. This counts overlapping canopy layers (a density index), not ground fraction. Do not read it as 'more than fully covered'.",True
36,30.4,109485,24670,10491,3059,1144,35.0,True,,True
37,17.12,26107,8556,4369,215,412,40.0,True,,True
38,4.15,158427,17803,4561,1748,811,28.0,True,,True
39,12.05,14635,4235,2071,84,244,38.0,True,,True
40,9.73,160660,21578,7214,1309,851,28.0,True,,True
41,2.24,137912,12260,2960,860,573,23.0,True,,True
