ward,gedi_rh95_mean_m,gedi_footprints
1,7.05,251
2,10.31,137
3,6.41,725
4,8.18,217
5,13.67,109
6,10.54,105
7,10.31,256
8,12.26,483
9,8.74,1555
10,9.38,666
11,7.72,135
12,14.75,48
13,14.83,236
14,12.94,203
15,5.41,454
16,10.61,81
17,9.07,98
18,12.51,189
19,13.71,138
20,12.72,96
21,10.7,165
22,14.05,45
23,14.27,61
24,16.05,55
25,13.65,119
26,14.67,56
27,13.78,142
28,12.0,156
29,13.51,144
30,10.4,76
31,15.01,99
32,9.25,252
33,7.77,1419
34,12.15,503
35,9.96,348
36,13.25,140
37,11.76,71
38,7.31,1170
39,9.93,56
40,8.21,429
41,7.04,1200
