year,annual_max_1day_mm,grid_cell,product,method
1901,102.59,18.50N_73.75E,IMD_RF25_0.25deg_1901-2024,cell annual maximum
1902,77.0,18.50N_73.75E,IMD_RF25_0.25deg_1901-2024,cell annual maximum
1903,78.85,18.50N_73.75E,IMD_RF25_0.25deg_1901-2024,cell annual maximum
1904,71.15,18.50N_73.75E,IMD_RF25_0.25deg_1901-2024,cell annual maximum
1905,152.31,18.50N_73.75E,IMD_RF25_0.25deg_1901-2024,cell annual maximum
1906,70.26,18.50N_73.75E,IMD_RF25_0.25deg_1901-2024,cell annual maximum
1907,131.37,18.50N_73.75E,IMD_RF25_0.25deg_1901-2024,cell annual maximum
1908,72.97,18.50N_73.75E,IMD_RF25_0.25deg_1901-2024,cell annual maximum
1909,61.92,18.50N_73.75E,IMD_RF25_0.25deg_1901-2024,cell annual maximum
1910,114.85,18.50N_73.75E,IMD_RF25_0.25deg_1901-2024,cell annual maximum
1911,57.51,18.50N_73.75E,IMD_RF25_0.25deg_1901-2024,cell annual maximum
1912,140.31,18.50N_73.75E,IMD_RF25_0.25deg_1901-2024,cell annual maximum
1913,95.35,18.50N_73.75E,IMD_RF25_0.25deg_1901-2024,cell annual maximum
1914,143.18,18.50N_73.75E,IMD_RF25_0.25deg_1901-2024,cell annual maximum
1915,133.54,18.50N_73.75E,IMD_RF25_0.25deg_1901-2024,cell annual maximum
1916,65.69,18.50N_73.75E,IMD_RF25_0.25deg_1901-2024,cell annual maximum
1917,55.09,18.50N_73.75E,IMD_RF25_0.25deg_1901-2024,cell annual maximum
1918,79.29,18.50N_73.75E,IMD_RF25_0.25deg_1901-2024,cell annual maximum
1919,73.97,18.50N_73.75E,IMD_RF25_0.25deg_1901-2024,cell annual maximum
1920,71.2,18.50N_73.75E,IMD_RF25_0.25deg_1901-2024,cell annual maximum
1921,142.82,18.50N_73.75E,IMD_RF25_0.25deg_1901-2024,cell annual maximum
1922,131.32,18.50N_73.75E,IMD_RF25_0.25deg_1901-2024,cell annual maximum
1923,116.0,18.50N_73.75E,IMD_RF25_0.25deg_1901-2024,cell annual maximum
1924,81.48,18.50N_73.75E,IMD_RF25_0.25deg_1901-2024,cell annual maximum
1925,63.9,18.50N_73.75E,IMD_RF25_0.25deg_1901-2024,cell annual maximum
1926,93.39,18.50N_73.75E,IMD_RF25_0.25deg_1901-2024,cell annual maximum
1927,84.26,18.50N_73.75E,IMD_RF25_0.25deg_1901-2024,cell annual maximum
1928,138.11,18.50N_73.75E,IMD_RF25_0.25deg_1901-2024,cell annual maximum
1929,87.0,18.50N_73.75E,IMD_RF25_0.25deg_1901-2024,cell annual maximum
1930,189.67,18.50N_73.75E,IMD_RF25_0.25deg_1901-2024,cell annual maximum
1931,115.26,18.50N_73.75E,IMD_RF25_0.25deg_1901-2024,cell annual maximum
1932,143.61,18.50N_73.75E,IMD_RF25_0.25deg_1901-2024,cell annual maximum
1933,147.25,18.50N_73.75E,IMD_RF25_0.25deg_1901-2024,cell annual maximum
1934,90.62,18.50N_73.75E,IMD_RF25_0.25deg_1901-2024,cell annual maximum
1935,131.84,18.50N_73.75E,IMD_RF25_0.25deg_1901-2024,cell annual maximum
1936,171.51,18.50N_73.75E,IMD_RF25_0.25deg_1901-2024,cell annual maximum
1937,113.92,18.50N_73.75E,IMD_RF25_0.25deg_1901-2024,cell annual maximum
1938,110.71,18.50N_73.75E,IMD_RF25_0.25deg_1901-2024,cell annual maximum
1939,83.69,18.50N_73.75E,IMD_RF25_0.25deg_1901-2024,cell annual maximum
1940,89.66,18.50N_73.75E,IMD_RF25_0.25deg_1901-2024,cell annual maximum
1941,84.82,18.50N_73.75E,IMD_RF25_0.25deg_1901-2024,cell annual maximum
1942,82.53,18.50N_73.75E,IMD_RF25_0.25deg_1901-2024,cell annual maximum
1943,158.82,18.50N_73.75E,IMD_RF25_0.25deg_1901-2024,cell annual maximum
1944,107.31,18.50N_73.75E,IMD_RF25_0.25deg_1901-2024,cell annual maximum
1945,123.8,18.50N_73.75E,IMD_RF25_0.25deg_1901-2024,cell annual maximum
1946,102.34,18.50N_73.75E,IMD_RF25_0.25deg_1901-2024,cell annual maximum
1947,94.13,18.50N_73.75E,IMD_RF25_0.25deg_1901-2024,cell annual maximum
1948,64.21,18.50N_73.75E,IMD_RF25_0.25deg_1901-2024,cell annual maximum
1949,105.43,18.50N_73.75E,IMD_RF25_0.25deg_1901-2024,cell annual maximum
1950,117.23,18.50N_73.75E,IMD_RF25_0.25deg_1901-2024,cell annual maximum
1951,88.95,18.50N_73.75E,IMD_RF25_0.25deg_1901-2024,cell annual maximum
1952,55.58,18.50N_73.75E,IMD_RF25_0.25deg_1901-2024,cell annual maximum
1953,47.58,18.50N_73.75E,IMD_RF25_0.25deg_1901-2024,cell annual maximum
1954,58.22,18.50N_73.75E,IMD_RF25_0.25deg_1901-2024,cell annual maximum
1955,67.92,18.50N_73.75E,IMD_RF25_0.25deg_1901-2024,cell annual maximum
1956,105.29,18.50N_73.75E,IMD_RF25_0.25deg_1901-2024,cell annual maximum
1957,58.28,18.50N_73.75E,IMD_RF25_0.25deg_1901-2024,cell annual maximum
1958,127.51,18.50N_73.75E,IMD_RF25_0.25deg_1901-2024,cell annual maximum
1959,48.2,18.50N_73.75E,IMD_RF25_0.25deg_1901-2024,cell annual maximum
1960,49.63,18.50N_73.75E,IMD_RF25_0.25deg_1901-2024,cell annual maximum
1961,125.34,18.50N_73.75E,IMD_RF25_0.25deg_1901-2024,cell annual maximum
1962,165.45,18.50N_73.75E,IMD_RF25_0.25deg_1901-2024,cell annual maximum
1963,51.85,18.50N_73.75E,IMD_RF25_0.25deg_1901-2024,cell annual maximum
1964,56.48,18.50N_73.75E,IMD_RF25_0.25deg_1901-2024,cell annual maximum
1965,39.04,18.50N_73.75E,IMD_RF25_0.25deg_1901-2024,cell annual maximum
1966,48.5,18.50N_73.75E,IMD_RF25_0.25deg_1901-2024,cell annual maximum
1967,119.01,18.50N_73.75E,IMD_RF25_0.25deg_1901-2024,cell annual maximum
1968,36.66,18.50N_73.75E,IMD_RF25_0.25deg_1901-2024,cell annual maximum
1969,86.58,18.50N_73.75E,IMD_RF25_0.25deg_1901-2024,cell annual maximum
1970,35.23,18.50N_73.75E,IMD_RF25_0.25deg_1901-2024,cell annual maximum
1971,110.86,18.50N_73.75E,IMD_RF25_0.25deg_1901-2024,cell annual maximum
1972,36.78,18.50N_73.75E,IMD_RF25_0.25deg_1901-2024,cell annual maximum
1973,88.28,18.50N_73.75E,IMD_RF25_0.25deg_1901-2024,cell annual maximum
1974,52.65,18.50N_73.75E,IMD_RF25_0.25deg_1901-2024,cell annual maximum
1975,57.88,18.50N_73.75E,IMD_RF25_0.25deg_1901-2024,cell annual maximum
1976,91.85,18.50N_73.75E,IMD_RF25_0.25deg_1901-2024,cell annual maximum
1977,43.57,18.50N_73.75E,IMD_RF25_0.25deg_1901-2024,cell annual maximum
1978,37.86,18.50N_73.75E,IMD_RF25_0.25deg_1901-2024,cell annual maximum
1979,66.32,18.50N_73.75E,IMD_RF25_0.25deg_1901-2024,cell annual maximum
1980,63.72,18.50N_73.75E,IMD_RF25_0.25deg_1901-2024,cell annual maximum
1981,60.17,18.50N_73.75E,IMD_RF25_0.25deg_1901-2024,cell annual maximum
1982,48.63,18.50N_73.75E,IMD_RF25_0.25deg_1901-2024,cell annual maximum
1983,91.81,18.50N_73.75E,IMD_RF25_0.25deg_1901-2024,cell annual maximum
1984,93.83,18.50N_73.75E,IMD_RF25_0.25deg_1901-2024,cell annual maximum
1985,74.97,18.50N_73.75E,IMD_RF25_0.25deg_1901-2024,cell annual maximum
1986,57.21,18.50N_73.75E,IMD_RF25_0.25deg_1901-2024,cell annual maximum
1987,135.64,18.50N_73.75E,IMD_RF25_0.25deg_1901-2024,cell annual maximum
1988,68.84,18.50N_73.75E,IMD_RF25_0.25deg_1901-2024,cell annual maximum
1989,86.91,18.50N_73.75E,IMD_RF25_0.25deg_1901-2024,cell annual maximum
1990,63.97,18.50N_73.75E,IMD_RF25_0.25deg_1901-2024,cell annual maximum
1991,111.9,18.50N_73.75E,IMD_RF25_0.25deg_1901-2024,cell annual maximum
1992,47.66,18.50N_73.75E,IMD_RF25_0.25deg_1901-2024,cell annual maximum
1993,48.12,18.50N_73.75E,IMD_RF25_0.25deg_1901-2024,cell annual maximum
1994,62.03,18.50N_73.75E,IMD_RF25_0.25deg_1901-2024,cell annual maximum
1995,46.8,18.50N_73.75E,IMD_RF25_0.25deg_1901-2024,cell annual maximum
1996,89.53,18.50N_73.75E,IMD_RF25_0.25deg_1901-2024,cell annual maximum
1997,73.13,18.50N_73.75E,IMD_RF25_0.25deg_1901-2024,cell annual maximum
1998,67.81,18.50N_73.75E,IMD_RF25_0.25deg_1901-2024,cell annual maximum
1999,50.95,18.50N_73.75E,IMD_RF25_0.25deg_1901-2024,cell annual maximum
2000,44.28,18.50N_73.75E,IMD_RF25_0.25deg_1901-2024,cell annual maximum
2001,37.68,18.50N_73.75E,IMD_RF25_0.25deg_1901-2024,cell annual maximum
2002,74.64,18.50N_73.75E,IMD_RF25_0.25deg_1901-2024,cell annual maximum
2003,56.79,18.50N_73.75E,IMD_RF25_0.25deg_1901-2024,cell annual maximum
2004,193.44,18.50N_73.75E,IMD_RF25_0.25deg_1901-2024,cell annual maximum
2005,349.08,18.50N_73.75E,IMD_RF25_0.25deg_1901-2024,cell annual maximum
2006,195.62,18.50N_73.75E,IMD_RF25_0.25deg_1901-2024,cell annual maximum
2007,144.52,18.50N_73.75E,IMD_RF25_0.25deg_1901-2024,cell annual maximum
2008,106.8,18.50N_73.75E,IMD_RF25_0.25deg_1901-2024,cell annual maximum
2009,165.44,18.50N_73.75E,IMD_RF25_0.25deg_1901-2024,cell annual maximum
2010,165.36,18.50N_73.75E,IMD_RF25_0.25deg_1901-2024,cell annual maximum
2011,104.97,18.50N_73.75E,IMD_RF25_0.25deg_1901-2024,cell annual maximum
2012,73.85,18.50N_73.75E,IMD_RF25_0.25deg_1901-2024,cell annual maximum
2013,70.62,18.50N_73.75E,IMD_RF25_0.25deg_1901-2024,cell annual maximum
2014,83.35,18.50N_73.75E,IMD_RF25_0.25deg_1901-2024,cell annual maximum
2015,95.97,18.50N_73.75E,IMD_RF25_0.25deg_1901-2024,cell annual maximum
2016,74.56,18.50N_73.75E,IMD_RF25_0.25deg_1901-2024,cell annual maximum
2017,94.68,18.50N_73.75E,IMD_RF25_0.25deg_1901-2024,cell annual maximum
2018,63.4,18.50N_73.75E,IMD_RF25_0.25deg_1901-2024,cell annual maximum
2019,78.68,18.50N_73.75E,IMD_RF25_0.25deg_1901-2024,cell annual maximum
2020,116.42,18.50N_73.75E,IMD_RF25_0.25deg_1901-2024,cell annual maximum
2021,76.41,18.50N_73.75E,IMD_RF25_0.25deg_1901-2024,cell annual maximum
2022,92.63,18.50N_73.75E,IMD_RF25_0.25deg_1901-2024,cell annual maximum
2023,38.24,18.50N_73.75E,IMD_RF25_0.25deg_1901-2024,cell annual maximum
2024,129.7,18.50N_73.75E,IMD_RF25_0.25deg_1901-2024,cell annual maximum
